{
    "loss": 1.8098818063735962,
    "accuracy": 0.4313725531101227
}