{
    "loss": 25.882633209228516,
    "accuracy": 0.5686274766921997
}