{
    "loss": 11.680070877075195,
    "accuracy": 0.5686274766921997
}